1,UP_IDLE,2023-02-13 09:25:54.535338,2023-02-13 09:31:14.751152
1,IDLE,2023-02-13 09:39:37.961094,2023-02-13 09:44:58.163518
1,ALL,2023-02-13 09:53:20.133850,2023-02-13 09:58:40.294962
1,FIBO_MATRIX,2023-02-13 10:07:12.943159,2023-02-13 10:12:33.111845
1,BUBBLE_COLLATZ,2023-02-13 10:21:04.042420,2023-02-13 10:26:24.234822
2,IDLE,2023-02-13 10:34:54.915779,2023-02-13 10:40:15.131224
2,BUBBLE_COLLATZ,2023-02-13 10:48:37.099093,2023-02-13 10:53:57.292834
2,FIBO_MATRIX,2023-02-13 11:02:28.727938,2023-02-13 11:07:48.901032
2,ALL,2023-02-13 11:16:19.232245,2023-02-13 11:21:39.410414
2,UP_IDLE,2023-02-13 11:30:10.114252,2023-02-13 11:35:30.319241
3,FIBO_MATRIX,2023-02-13 11:43:53.467183,2023-02-13 11:49:13.651346
3,IDLE,2023-02-13 11:57:43.863023,2023-02-13 12:03:04.071729
3,ALL,2023-02-13 12:11:25.945326,2023-02-13 12:16:46.117516
3,UP_IDLE,2023-02-13 12:25:17.044384,2023-02-13 12:30:37.253127
3,BUBBLE_COLLATZ,2023-02-13 12:39:00.481750,2023-02-13 12:44:20.679352
4,UP_IDLE,2023-02-13 12:52:51.462894,2023-02-13 12:58:11.680454
4,FIBO_MATRIX,2023-02-13 13:06:34.834713,2023-02-13 13:11:55.012300
4,BUBBLE_COLLATZ,2023-02-13 13:20:25.400743,2023-02-13 13:25:45.605749
4,ALL,2023-02-13 13:34:16.482226,2023-02-13 13:39:36.659331
4,IDLE,2023-02-13 13:48:07.536149,2023-02-13 13:53:27.744546
5,BUBBLE_COLLATZ,2023-02-13 14:01:49.764729,2023-02-13 14:07:09.952885
5,FIBO_MATRIX,2023-02-13 14:15:40.398954,2023-02-13 14:21:00.574203
5,ALL,2023-02-13 14:29:31.411544,2023-02-13 14:34:51.607500
5,IDLE,2023-02-13 14:43:22.913371,2023-02-13 14:48:43.123667
5,UP_IDLE,2023-02-13 14:57:05.080468,2023-02-13 15:02:25.291840
6,ALL,2023-02-13 15:10:48.441495,2023-02-13 15:16:08.594968
6,IDLE,2023-02-13 15:24:39.381850,2023-02-13 15:29:59.586250
6,UP_IDLE,2023-02-13 15:38:21.622615,2023-02-13 15:43:41.838973
6,FIBO_MATRIX,2023-02-13 15:52:04.990331,2023-02-13 15:57:25.176764
6,BUBBLE_COLLATZ,2023-02-13 16:05:56.137722,2023-02-13 16:11:16.315367
7,UP_IDLE,2023-02-13 16:19:47.723227,2023-02-13 16:25:07.945439
7,IDLE,2023-02-13 16:33:30.948892,2023-02-13 16:38:51.160113
7,ALL,2023-02-13 16:47:13.125513,2023-02-13 16:52:33.341832
7,FIBO_MATRIX,2023-02-13 17:01:03.967548,2023-02-13 17:06:24.145699
7,BUBBLE_COLLATZ,2023-02-13 17:14:54.868287,2023-02-13 17:20:15.060505
8,ALL,2023-02-13 17:28:46.429710,2023-02-13 17:34:06.629427
8,UP_IDLE,2023-02-13 17:42:37.299568,2023-02-13 17:47:57.509718
8,FIBO_MATRIX,2023-02-13 17:56:20.731947,2023-02-13 18:01:40.896193
8,IDLE,2023-02-13 18:10:11.468528,2023-02-13 18:15:31.669457
8,BUBBLE_COLLATZ,2023-02-13 18:23:53.696269,2023-02-13 18:29:13.885150
9,IDLE,2023-02-13 18:37:44.776090,2023-02-13 18:43:04.992188
9,FIBO_MATRIX,2023-02-13 18:51:26.872758,2023-02-13 18:56:47.052387
9,BUBBLE_COLLATZ,2023-02-13 19:05:17.963789,2023-02-13 19:10:38.149018
9,UP_IDLE,2023-02-13 19:19:09.060196,2023-02-13 19:24:29.279056
9,ALL,2023-02-13 19:32:52.565072,2023-02-13 19:38:12.734589
10,BUBBLE_COLLATZ,2023-02-13 19:46:45.641328,2023-02-13 19:52:05.846870
10,IDLE,2023-02-13 20:00:36.713506,2023-02-13 20:05:56.919821
10,FIBO_MATRIX,2023-02-13 20:14:18.688758,2023-02-13 20:19:38.870998
10,ALL,2023-02-13 20:28:09.199015,2023-02-13 20:33:29.371458
10,UP_IDLE,2023-02-13 20:42:01.039466,2023-02-13 20:47:21.261718
